{"UpperLeft": [24.79183338625162, 120.99176139902661], "LowwerRight": [24.781595108230306, 121.00279871880039], "Start": [24.78872837473653, 120.99759504113199], "UpdateTime": 5}