{"UpperLeft": [24.79183338625162, 120.99176139902661], "LowwerRight": [24.781595108230306, 121.00279871880039], "Start": [24.78960351283472, 120.99715264006558], "UpdateTime": 600}