{"UpperLeft": [24.67965506394634, 120.99176480185353], "LowwerRight": [24.66945106257598, 121.00279756350706], "Start": [24.67743249927396, 120.99715381598216]}